Workbook
Name CurMonth: 'Data Prep'!$B$9
Name CurYear: 'Data Prep'!$B$8
Name PMyear: 'Data Prep'!$B$12
Name PrevMonth: 'Data Prep'!$B$11
Name PrevYear: 'Data Prep'!$B$10
Name region: 'Data Prep'!$B$3

Sheet Data
A1: Year | B1: Month | C1: Store Name | D1: Region | E1: Store Type | F1: Product Name | G1: Product Category | H1: Units Sold | I1: Revenue | J1: Profit | AV1: TREEMAP
A2: 2020 | B2: 1 | C2: Beverly Hills | D2: Los Angeles | E2: Residential | F2: Action Figure | G2: Toys | H2: 63 | I2: 1007.37 | J2: 378 | AV2: Region | AW2: Store | AX2: Product Category | AY2: Revenue
A3: 2020 | B3: 1 | C3: Beverly Hills | D3: Los Angeles | E3: Residential | F3: Animal Figures | G3: Toys | H3: 7 | I3: 90.93 | J3: 21 | AV3: =_xlfn.XLOOKUP(AW3,C:C,D:D) -> Los Angeles | AW3: Beverly Hills | AX3: Toys | AY3: =SUMIFS(I:I,D:D,_xlfn.SINGLE(region),C:C,AW3,G:G,AX3,A:A,_xlfn.SINGLE(CurYear),B:B,_xlfn.SINGLE(CurMonth)) -> 0
A4: 2020 | B4: 1 | C4: Beverly Hills | D4: Los Angeles | E4: Residential | F4: Chutes & Ladders | G4: Games | H4: 5 | I4: 64.95 | J4: 15 | AV4: =_xlfn.XLOOKUP(AW4,C:C,D:D) -> Los Angeles | AW4: Beverly Hills | AX4: Games | AY4: =SUMIFS(I:I,D:D,_xlfn.SINGLE(region),C:C,AW4,G:G,AX4,A:A,_xlfn.SINGLE(CurYear),B:B,_xlfn.SINGLE(CurMonth)) -> 0
A5: 2020 | B5: 1 | C5: Beverly Hills | D5: Los Angeles | E5: Residential | F5: Classic Dominoes | G5: Games | H5: 11 | I5: 109.89 | J5: 22 | AV5: =_xlfn.XLOOKUP(AW5,C:C,D:D) -> Los Angeles | AW5: Beverly Hills | AX5: Electronics | AY5: =SUMIFS(I:I,D:D,_xlfn.SINGLE(region),C:C,AW5,G:G,AX5,A:A,_xlfn.SINGLE(CurYear),B:B,_xlfn.SINGLE(CurMonth)) -> 0
A6: 2020 | B6: 1 | C6: Beverly Hills | D6: Los Angeles | E6: Residential | F6: Colorbuds | G6: Electronics | H6: 5 | I6: 74.95 | J6: 40 | AV6: =_xlfn.XLOOKUP(AW6,C:C,D:D) -> Los Angeles | AW6: Beverly Hills | AX6: Sports & Outdoors | AY6: =SUMIFS(I:I,D:D,_xlfn.SINGLE(region),C:C,AW6,G:G,AX6,A:A,_xlfn.SINGLE(CurYear),B:B,_xlfn.SINGLE(CurMonth)) -> 0
A7: 2020 | B7: 1 | C7: Beverly Hills | D7: Los Angeles | E7: Residential | F7: Dart Gun | G7: Sports & Outdoors | H7: 24 | I7: 383.76 | J7: 96 | AV7: =_xlfn.XLOOKUP(AW7,C:C,D:D) -> Los Angeles | AW7: Beverly Hills | AX7: Art & Crafts | AY7: =SUMIFS(I:I,D:D,_xlfn.SINGLE(region),C:C,AW7,G:G,AX7,A:A,_xlfn.SINGLE(CurYear),B:B,_xlfn.SINGLE(CurMonth)) -> 0
A8: 2020 | B8: 1 | C8: Beverly Hills | D8: Los Angeles | E8: Residential | F8: Deck Of Cards | G8: Games | H8: 81 | I8: 566.19 | J8: 243 | AV8: =_xlfn.XLOOKUP(AW8,C:C,D:D) -> New York | AW8: Fifth Avenue | AX8: Toys | AY8: =SUMIFS(I:I,D:D,_xlfn.SINGLE(region),C:C,AW8,G:G,AX8,A:A,_xlfn.SINGLE(CurYear),B:B,_xlfn.SINGLE(CurMonth)) -> 0
A9: 2020 | B9: 1 | C9: Beverly Hills | D9: Los Angeles | E9: Residential | F9: Dino Egg | G9: Toys | H9: 18 | I9: 197.82 | J9: 18 | AV9: =_xlfn.XLOOKUP(AW9,C:C,D:D) -> New York | AW9: Fifth Avenue | AX9: Games | AY9: =SUMIFS(I:I,D:D,_xlfn.SINGLE(region),C:C,AW9,G:G,AX9,A:A,_xlfn.SINGLE(CurYear),B:B,_xlfn.SINGLE(CurMonth)) -> 0
A10: 2020 | B10: 1 | C10: Beverly Hills | D10: Los Angeles | E10: Residential | F10: Dinosaur Figures | G10: Toys | H10: 52 | I10: 779.48 | J10: 208 | AV10: =_xlfn.XLOOKUP(AW10,C:C,D:D) -> New York | AW10: Fifth Avenue | AX10: Electronics | AY10: =SUMIFS(I:I,D:D,_xlfn.SINGLE(region),C:C,AW10,G:G,AX10,A:A,_xlfn.SINGLE(CurYear),B:B,_xlfn.SINGLE(CurMonth)) -> 0
A11: 2020 | B11: 1 | C11: Beverly Hills | D11: Los Angeles | E11: Residential | F11: Glass Marbles | G11: Games | H11: 10 | I11: 109.9 | J11: 50 | AV11: =_xlfn.XLOOKUP(AW11,C:C,D:D) -> New York | AW11: Fifth Avenue | AX11: Sports & Outdoors | AY11: =SUMIFS(I:I,D:D,_xlfn.SINGLE(region),C:C,AW11,G:G,AX11,A:A,_xlfn.SINGLE(CurYear),B:B,_xlfn.SINGLE(CurMonth)) -> 0
A12: 2020 | B12: 1 | C12: Beverly Hills | D12: Los Angeles | E12: Residential | F12: Kids Makeup Kit | G12: Art & Crafts | H12: 2 | I12: 39.98 | J12: 12 | AV12: =_xlfn.XLOOKUP(AW12,C:C,D:D) -> New York | AW12: Fifth Avenue | AX12: Art & Crafts | AY12: =SUMIFS(I:I,D:D,_xlfn.SINGLE(region),C:C,AW12,G:G,AX12,A:A,_xlfn.SINGLE(CurYear),B:B,_xlfn.SINGLE(CurMonth)) -> 0
A13: 2020 | B13: 1 | C13: Beverly Hills | D13: Los Angeles | E13: Residential | F13: Lego Bricks | G13: Toys | H13: 71 | I13: 2839.29 | J13: 355 | AV13: =_xlfn.XLOOKUP(AW13,C:C,D:D) -> Los Angeles | AW13: Hollywood | AX13: Toys | AY13: =SUMIFS(I:I,D:D,_xlfn.SINGLE(region),C:C,AW13,G:G,AX13,A:A,_xlfn.SINGLE(CurYear),B:B,_xlfn.SINGLE(CurMonth)) -> 0
A14: 2020 | B14: 1 | C14: Beverly Hills | D14: Los Angeles | E14: Residential | F14: Mini Ping Pong | G14: Sports & Outdoors | H14: 96 | I14: 959.04 | J14: 288 | AV14: =_xlfn.XLOOKUP(AW14,C:C,D:D) -> Los Angeles | AW14: Hollywood | AX14: Games | AY14: =SUMIFS(I:I,D:D,_xlfn.SINGLE(region),C:C,AW14,G:G,AX14,A:A,_xlfn.SINGLE(CurYear),B:B,_xlfn.SINGLE(CurMonth)) -> 0
... A52: 2020 | B52: 1 | C52: Times Square | D52: New York | E52: Downtown | F52: Monopoly | G52: Games | H52: 24 | I52: 479.76 | J52: 144 | AV52: =_xlfn.XLOOKUP(AW52,C:C,D:D) -> New York | AW52: Times Square | AX52: Art & Crafts | AY52: =SUMIFS(I:I,D:D,_xlfn.SINGLE(region),C:C,AW52,G:G,AX52,A:A,_xlfn.SINGLE(CurYear),B:B,_xlfn.SINGLE(CurMonth)) -> 0
A53: 2020 | B53: 1 | C53: Times Square | D53: New York | E53: Downtown | F53: Nerf Gun | G53: Sports & Outdoors | H53: 11 | I53: 219.89 | J53: 55
A54: 2020 | B54: 1 | C54: Times Square | D54: New York | E54: Downtown | F54: PlayDoh Can | G54: Art & Crafts | H54: 37 | I54: 110.63 | J54: 37
A55: 2020 | B55: 1 | C55: Times Square | D55: New York | E55: Downtown | F55: PlayDoh Toolkit | G55: Art & Crafts | H55: 17 | I55: 84.83 | J55: 17
A56: 2020 | B56: 1 | C56: Times Square | D56: New York | E56: Downtown | F56: Rubik's Cube | G56: Games | H56: 50 | I56: 999.5 | J56: 100
A57: 2020 | B57: 1 | C57: Times Square | D57: New York | E57: Downtown | F57: Splash Balls | G57: Sports & Outdoors | H57: 54 | I57: 485.46 | J57: 54
A58: 2020 | B58: 1 | C58: Millenium | D58: Chicago | E58: Downtown | F58: Action Figure | G58: Toys | H58: 177 | I58: 2830.23 | J58: 1062
A59: 2020 | B59: 1 | C59: Millenium | D59: Chicago | E59: Downtown | F59: Animal Figures | G59: Toys | H59: 50 | I59: 649.5 | J59: 150
A60: 2020 | B60: 1 | C60: Millenium | D60: Chicago | E60: Downtown | F60: Colorbuds | G60: Electronics | H60: 146 | I60: 2188.54 | J60: 1168
A61: 2020 | B61: 1 | C61: Millenium | D61: Chicago | E61: Downtown | F61: Dart Gun | G61: Sports & Outdoors | H61: 137 | I61: 2190.63 | J61: 548
A62: 2020 | B62: 1 | C62: Millenium | D62: Chicago | E62: Downtown | F62: Deck Of Cards | G62: Games | H62: 135 | I62: 943.65 | J62: 405
A63: 2020 | B63: 1 | C63: Millenium | D63: Chicago | E63: Downtown | F63: Dino Egg | G63: Toys | H63: 36 | I63: 395.64 | J63: 36
A64: 2020 | B64: 1 | C64: Millenium | D64: Chicago | E64: Downtown | F64: Glass Marbles | G64: Games | H64: 77 | I64: 846.23 | J64: 385
... A4266: 2021 | B4266: 7 | C4266: Fifth Avenue | D4266: New York | E4266: Commercial | F4266: Toy Robot | G4266: Electronics | H4266: 23 | I4266: 597.77 | J4266: 115

Sheet Data Prep
A1: REGION FILTER | D1: KPIs | G1: REVENUE TREND | L1: STORE PERFORMANCE | T1: PRODUCT PERFORMANCE | AB1: TOP PERFORMING PRODUCTS
A2: Region | B2: Selection | D2: Total Revenue | E2: =SUMIFS(Data[Revenue],Data[Region],region,Data[Month],CurMonth,Data[Year],CurYear) -> 94953.47 | G2: Month# | H2: MonthINITIAL | I2: =PrevYear -> 2020 | J2: =CurYear -> 2021 | L2: Stores | M2: Region | N2: Revenue | O2: Prev Month Revenue | P2: MoM %∆ | Q2: Selection | R2: Selection | T2: Product | U2: Revenue | V2: PM Revenue | W2: MoM ∆ | X2: RANK (+) | Y2: Rank (-) | AB2: Rank | AC2: =T2 -> Product | AD2: Revenue | AE2: MoM ∆
A3: Los Angeles | B3: =Dashboard!C6 -> Chicago | D3: PrevYear Revenue | E3: =SUMIFS(Data[Revenue],Data[Region],region,Data[Month],CurMonth,Data[Year],PrevYear) -> 70835.71 | G3: 1 | H3: Jan | I3: =SUMIFS(Data[[Revenue]:[Revenue]],Data[[Region]:[Region]],region,Data[[Month]:[Month]],$G3,Data[[Year]:[Year]],'Data Prep'!I$2) -> 63051.61 | J3: =IF(G3>CurMonth,NA(),SUMIFS(Data[[Revenue]:[Revenue]],Data[[Region]:[Region]],region,Data[[Month]:[Month]],$G3,Data[[Year]:[Year]],'Data Prep'!J$2)) -> 81321.82 | L3: Hollywood | M3: =VLOOKUP(L3,Data[[#All],[Store Name]:[Region]],2,0) -> Los Angeles | N3: =SUMIFS(Data[Revenue],Data[Store Name],L3,Data[Month],CurMonth,Data[Year],CurYear) -> 12894.55 | O3: =SUMIFS(Data[Revenue],Data[Store Name],L3,Data[Month],PrevMonth,Data[Year],PMyear) -> 9291.49 | P3: =N3/O3-1 -> 0.38778065 | Q3: =IF($M3=region,N3,0) -> 0 | R3: =IF($M3=region,P3,0) -> 0 | T3: Action Figure | U3: =SUMIFS(Data[Revenue],Data[Region],region,Data[Month],CurMonth,Data[Year],CurYear,Data[Product Name],'Data Prep'!T3) -> 3965.52 | V3: =SUMIFS(Data[Revenue],Data[Region],region,Data[Month],PrevMonth,Data[Year],PMyear,Data[Product Name],'Data Prep'!T3) -> 6300.06 | W3: =U3-V3 -> -2334.54 | X3: =_xlfn.RANK.AVG(W3,$W$3:$W$36,0) -> 32 | Y3: =_xlfn.RANK.AVG(W3,$W$3:$W$36,1) -> 3 | AB3: 1 | AC3: =INDEX($T$3:$W$36,MATCH($AB3,$X$3:$X$36,0),MATCH(AC$2,$T$2:$W$2,0)) -> Lego Bricks | AD3: =INDEX($T$3:$W$36,MATCH($AB3,$X$3:$X$36,0),MATCH(AD$2,$T$2:$W$2,0)) -> 19035.24 | AE3: =INDEX($T$3:$W$36,MATCH($AB3,$X$3:$X$36,0),MATCH(AE$2,$T$2:$W$2,0)) -> 4718.82
A4: New York | D4: PrevMonth Revenue | E4: =SUMIFS(Data[Revenue],Data[Region],region,Data[Month],PrevMonth,Data[Year],PMyear) -> 91637.33 | G4: 2 | H4: Feb | I4: =SUMIFS(Data[[Revenue]:[Revenue]],Data[[Region]:[Region]],region,Data[[Month]:[Month]],$G4,Data[[Year]:[Year]],'Data Prep'!I$2) -> 65298.22 | J4: =IF(G4>CurMonth,NA(),SUMIFS(Data[[Revenue]:[Revenue]],Data[[Region]:[Region]],region,Data[[Month]:[Month]],$G4,Data[[Year]:[Year]],'Data Prep'!J$2)) -> 87902.16 | L4: Beverly Hills | M4: =VLOOKUP(L4,Data[[#All],[Store Name]:[Region]],2,0) -> Los Angeles | N4: =SUMIFS(Data[Revenue],Data[Store Name],L4,Data[Month],CurMonth,Data[Year],CurYear) -> 14836.32 | O4: =SUMIFS(Data[Revenue],Data[Store Name],L4,Data[Month],PrevMonth,Data[Year],PMyear) -> 11676.37 | P4: =N4/O4-1 -> 0.27062777 | Q4: =IF($M4=region,N4,0) -> 0 | R4: =IF($M4=region,P4,0) -> 0 | T4: Animal Figures | U4: =SUMIFS(Data[Revenue],Data[Region],region,Data[Month],CurMonth,Data[Year],CurYear,Data[Product Name],'Data Prep'!T4) -> 5066.1 | V4: =SUMIFS(Data[Revenue],Data[Region],region,Data[Month],PrevMonth,Data[Year],PMyear,Data[Product Name],'Data Prep'!T4) -> 3234.51 | W4: =U4-V4 -> 1831.59 | X4: =_xlfn.RANK.AVG(W4,$W$3:$W$36,0) -> 4 | Y4: =_xlfn.RANK.AVG(W4,$W$3:$W$36,1) -> 31 | AB4: 2 | AC4: =INDEX($T$3:$W$36,MATCH($AB4,$X$3:$X$36,0),MATCH(AC$2,$T$2:$W$2,0)) -> Etch A Sketch | AD4: =INDEX($T$3:$W$36,MATCH($AB4,$X$3:$X$36,0),MATCH(AD$2,$T$2:$W$2,0)) -> 4407.9 | AE4: =INDEX($T$3:$W$36,MATCH($AB4,$X$3:$X$36,0),MATCH(AE$2,$T$2:$W$2,0)) -> 2896.62
A5: Chicago | D5: PY %∆: | E5: =E2/E3-1 -> 0.3404746 | G5: 3 | H5: Mar | I5: =SUMIFS(Data[[Revenue]:[Revenue]],Data[[Region]:[Region]],region,Data[[Month]:[Month]],$G5,Data[[Year]:[Year]],'Data Prep'!I$2) -> 64161.95 | J5: =IF(G5>CurMonth,NA(),SUMIFS(Data[[Revenue]:[Revenue]],Data[[Region]:[Region]],region,Data[[Month]:[Month]],$G5,Data[[Year]:[Year]],'Data Prep'!J$2)) -> 105385.72 | L5: Michigan Ave | M5: =VLOOKUP(L5,Data[[#All],[Store Name]:[Region]],2,0) -> Chicago | N5: =SUMIFS(Data[Revenue],Data[Store Name],L5,Data[Month],CurMonth,Data[Year],CurYear) -> 16131.78 | O5: =SUMIFS(Data[Revenue],Data[Store Name],L5,Data[Month],PrevMonth,Data[Year],PMyear) -> 19646.24 | P5: =N5/O5-1 -> -0.17888716 | Q5: =IF($M5=region,N5,0) -> 16131.78 | R5: =IF($M5=region,P5,0) -> -0.17888716 | T5: Chutes & Ladders | U5: =SUMIFS(Data[Revenue],Data[Region],region,Data[Month],CurMonth,Data[Year],CurYear,Data[Product Name],'Data Prep'!T5) -> 0 | V5: =SUMIFS(Data[Revenue],Data[Region],region,Data[Month],PrevMonth,Data[Year],PMyear,Data[Product Name],'Data Prep'!T5) -> 64.95 | W5: =U5-V5 -> -64.95 | X5: =_xlfn.RANK.AVG(W5,$W$3:$W$36,0) -> 18 | Y5: =_xlfn.RANK.AVG(W5,$W$3:$W$36,1) -> 17 | AB5: 3 | AC5: =INDEX($T$3:$W$36,MATCH($AB5,$X$3:$X$36,0),MATCH(AC$2,$T$2:$W$2,0)) -> Nerf Gun | AD5: =INDEX($T$3:$W$36,MATCH($AB5,$X$3:$X$36,0),MATCH(AD$2,$T$2:$W$2,0)) -> 5617.19 | AE5: =INDEX($T$3:$W$36,MATCH($AB5,$X$3:$X$36,0),MATCH(AE$2,$T$2:$W$2,0)) -> 2538.73
D6: PM %∆: | E6: =E2/E4-1 -> 0.036187654 | G6: 4 | H6: Apr | I6: =SUMIFS(Data[[Revenue]:[Revenue]],Data[[Region]:[Region]],region,Data[[Month]:[Month]],$G6,Data[[Year]:[Year]],'Data Prep'!I$2) -> 80619.26 | J6: =IF(G6>CurMonth,NA(),SUMIFS(Data[[Revenue]:[Revenue]],Data[[Region]:[Region]],region,Data[[Month]:[Month]],$G6,Data[[Year]:[Year]],'Data Prep'!J$2)) -> 99650.11 | L6: Millenium | M6: =VLOOKUP(L6,Data[[#All],[Store Name]:[Region]],2,0) -> Chicago | N6: =SUMIFS(Data[Revenue],Data[Store Name],L6,Data[Month],CurMonth,Data[Year],CurYear) -> 20890.14 | O6: =SUMIFS(Data[Revenue],Data[Store Name],L6,Data[Month],PrevMonth,Data[Year],PMyear) -> 24100.49 | P6: =N6/O6-1 -> -0.13320684 | Q6: =IF($M6=region,N6,0) -> 20890.14 | R6: =IF($M6=region,P6,0) -> -0.13320684 | T6: Classic Dominoes | U6: =SUMIFS(Data[Revenue],Data[Region],region,Data[Month],CurMonth,Data[Year],CurYear,Data[Product Name],'Data Prep'!T6) -> 299.7 | V6: =SUMIFS(Data[Revenue],Data[Region],region,Data[Month],PrevMonth,Data[Year],PMyear,Data[Product Name],'Data Prep'!T6) -> 129.87 | W6: =U6-V6 -> 169.83 | X6: =_xlfn.RANK.AVG(W6,$W$3:$W$36,0) -> 12 | Y6: =_xlfn.RANK.AVG(W6,$W$3:$W$36,1) -> 23 | AB6: 4 | AC6: =INDEX($T$3:$W$36,MATCH($AB6,$X$3:$X$36,0),MATCH(AC$2,$T$2:$W$2,0)) -> Animal Figures | AD6: =INDEX($T$3:$W$36,MATCH($AB6,$X$3:$X$36,0),MATCH(AD$2,$T$2:$W$2,0)) -> 5066.1 | AE6: =INDEX($T$3:$W$36,MATCH($AB6,$X$3:$X$36,0),MATCH(AE$2,$T$2:$W$2,0)) -> 1831.59
A7: DATE FILTER | G7: 5 | H7: May | I7: =SUMIFS(Data[[Revenue]:[Revenue]],Data[[Region]:[Region]],region,Data[[Month]:[Month]],$G7,Data[[Year]:[Year]],'Data Prep'!I$2) -> 79560.95 | J7: =IF(G7>CurMonth,NA(),SUMIFS(Data[[Revenue]:[Revenue]],Data[[Region]:[Region]],region,Data[[Month]:[Month]],$G7,Data[[Year]:[Year]],'Data Prep'!J$2)) -> 93467.97 | L7: Lincoln Park | M7: =VLOOKUP(L7,Data[[#All],[Store Name]:[Region]],2,0) -> Chicago | N7: =SUMIFS(Data[Revenue],Data[Store Name],L7,Data[Month],CurMonth,Data[Year],CurYear) -> 21829.79 | O7: =SUMIFS(Data[Revenue],Data[Store Name],L7,Data[Month],PrevMonth,Data[Year],PMyear) -> 17645.59 | P7: =N7/O7-1 -> 0.2371244 | Q7: =IF($M7=region,N7,0) -> 21829.79 | R7: =IF($M7=region,P7,0) -> 0.2371244 | T7: Colorbuds | U7: =SUMIFS(Data[Revenue],Data[Region],region,Data[Month],CurMonth,Data[Year],CurYear,Data[Product Name],'Data Prep'!T7) -> 4272.15 | V7: =SUMIFS(Data[Revenue],Data[Region],region,Data[Month],PrevMonth,Data[Year],PMyear,Data[Product Name],'Data Prep'!T7) -> 6610.59 | W7: =U7-V7 -> -2338.44 | X7: =_xlfn.RANK.AVG(W7,$W$3:$W$36,0) -> 33 | Y7: =_xlfn.RANK.AVG(W7,$W$3:$W$36,1) -> 2 | AB7: 5 | AC7: =INDEX($T$3:$W$36,MATCH($AB7,$X$3:$X$36,0),MATCH(AC$2,$T$2:$W$2,0)) -> Kids Makeup Kit | AD7: =INDEX($T$3:$W$36,MATCH($AB7,$X$3:$X$36,0),MATCH(AD$2,$T$2:$W$2,0)) -> 3098.45 | AE7: =INDEX($T$3:$W$36,MATCH($AB7,$X$3:$X$36,0),MATCH(AE$2,$T$2:$W$2,0)) -> 1659.17
A8: Current Year | B8: =MAX(Data[Year]) -> 2021 | G8: 6 | H8: Jun | I8: =SUMIFS(Data[[Revenue]:[Revenue]],Data[[Region]:[Region]],region,Data[[Month]:[Month]],$G8,Data[[Year]:[Year]],'Data Prep'!I$2) -> 85430.4 | J8: =IF(G8>CurMonth,NA(),SUMIFS(Data[[Revenue]:[Revenue]],Data[[Region]:[Region]],region,Data[[Month]:[Month]],$G8,Data[[Year]:[Year]],'Data Prep'!J$2)) -> 91637.33 | L8: Fifth Avenue | M8: =VLOOKUP(L8,Data[[#All],[Store Name]:[Region]],2,0) -> New York | N8: =SUMIFS(Data[Revenue],Data[Store Name],L8,Data[Month],CurMonth,Data[Year],CurYear) -> 22152.71 | O8: =SUMIFS(Data[Revenue],Data[Store Name],L8,Data[Month],PrevMonth,Data[Year],PMyear) -> 19305.51 | P8: =N8/O8-1 -> 0.14748121 | Q8: =IF($M8=region,N8,0) -> 0 | R8: =IF($M8=region,P8,0) -> 0 | T8: Dart Gun | U8: =SUMIFS(Data[Revenue],Data[Region],region,Data[Month],CurMonth,Data[Year],CurYear,Data[Product Name],'Data Prep'!T8) -> 1375.14 | V8: =SUMIFS(Data[Revenue],Data[Region],region,Data[Month],PrevMonth,Data[Year],PMyear,Data[Product Name],'Data Prep'!T8) -> 2126.67 | W8: =U8-V8 -> -751.53 | X8: =_xlfn.RANK.AVG(W8,$W$3:$W$36,0) -> 28 | Y8: =_xlfn.RANK.AVG(W8,$W$3:$W$36,1) -> 7
A9: Current Month | B9: =_xlfn.MAXIFS(Data[Month],Data[Year],CurYear) -> 7 | G9: 7 | H9: Jul | I9: =SUMIFS(Data[[Revenue]:[Revenue]],Data[[Region]:[Region]],region,Data[[Month]:[Month]],$G9,Data[[Year]:[Year]],'Data Prep'!I$2) -> 70835.71 | J9: =IF(G9>CurMonth,NA(),SUMIFS(Data[[Revenue]:[Revenue]],Data[[Region]:[Region]],region,Data[[Month]:[Month]],$G9,Data[[Year]:[Year]],'Data Prep'!J$2)) -> 94953.47 | L9: Times Square | M9: =VLOOKUP(L9,Data[[#All],[Store Name]:[Region]],2,0) -> New York | N9: =SUMIFS(Data[Revenue],Data[Store Name],L9,Data[Month],CurMonth,Data[Year],CurYear) -> 22817.06 | O9: =SUMIFS(Data[Revenue],Data[Store Name],L9,Data[Month],PrevMonth,Data[Year],PMyear) -> 20167.5 | P9: =N9/O9-1 -> 0.13137771 | Q9: =IF($M9=region,N9,0) -> 0 | R9: =IF($M9=region,P9,0) -> 0 | T9: Deck Of Cards | U9: =SUMIFS(Data[Revenue],Data[Region],region,Data[Month],CurMonth,Data[Year],CurYear,Data[Product Name],'Data Prep'!T9) -> 2621.25 | V9: =SUMIFS(Data[Revenue],Data[Region],region,Data[Month],PrevMonth,Data[Year],PMyear,Data[Product Name],'Data Prep'!T9) -> 3292.29 | W9: =U9-V9 -> -671.04 | X9: =_xlfn.RANK.AVG(W9,$W$3:$W$36,0) -> 27 | Y9: =_xlfn.RANK.AVG(W9,$W$3:$W$36,1) -> 8
A10: Previous Year | B10: =B8-1 -> 2020 | G10: 8 | H10: Aug | I10: =SUMIFS(Data[[Revenue]:[Revenue]],Data[[Region]:[Region]],region,Data[[Month]:[Month]],$G10,Data[[Year]:[Year]],'Data Prep'!I$2) -> 55171.65 | J10: =IF(G10>CurMonth,NA(),SUMIFS(Data[[Revenue]:[Revenue]],Data[[Region]:[Region]],region,Data[[Month]:[Month]],$G10,Data[[Year]:[Year]],'Data Prep'!J$2)) -> #N/A | L10: JFK | M10: =VLOOKUP(L10,Data[[#All],[Store Name]:[Region]],2,0) -> New York | N10: =SUMIFS(Data[Revenue],Data[Store Name],L10,Data[Month],CurMonth,Data[Year],CurYear) -> 24068.03 | O10: =SUMIFS(Data[Revenue],Data[Store Name],L10,Data[Month],PrevMonth,Data[Year],PMyear) -> 22176.43 | P10: =N10/O10-1 -> 0.085297769 | Q10: =IF($M10=region,N10,0) -> 0 | R10: =IF($M10=region,P10,0) -> 0 | T10: Dino Egg | U10: =SUMIFS(Data[Revenue],Data[Region],region,Data[Month],CurMonth,Data[Year],CurYear,Data[Product Name],'Data Prep'!T10) -> 4659.76 | V10: =SUMIFS(Data[Revenue],Data[Region],region,Data[Month],PrevMonth,Data[Year],PMyear,Data[Product Name],'Data Prep'!T10) -> 4516.89 | W10: =U10-V10 -> 142.87 | X10: =_xlfn.RANK.AVG(W10,$W$3:$W$36,0) -> 13 | Y10: =_xlfn.RANK.AVG(W10,$W$3:$W$36,1) -> 22
A11: Previous Month | B11: =IF(B9=1,12,B9-1) -> 6 | G11: 9 | H11: Sep | I11: =SUMIFS(Data[[Revenue]:[Revenue]],Data[[Region]:[Region]],region,Data[[Month]:[Month]],$G11,Data[[Year]:[Year]],'Data Prep'!I$2) -> 67569.27 | J11: =IF(G11>CurMonth,NA(),SUMIFS(Data[[Revenue]:[Revenue]],Data[[Region]:[Region]],region,Data[[Month]:[Month]],$G11,Data[[Year]:[Year]],'Data Prep'!J$2)) -> #N/A | L11: LAX | M11: =VLOOKUP(L11,Data[[#All],[Store Name]:[Region]],2,0) -> Los Angeles | N11: =SUMIFS(Data[Revenue],Data[Store Name],L11,Data[Month],CurMonth,Data[Year],CurYear) -> 32052.11 | O11: =SUMIFS(Data[Revenue],Data[Store Name],L11,Data[Month],PrevMonth,Data[Year],PMyear) -> 25228.36 | P11: =N11/O11-1 -> 0.27047933 | Q11: =IF($M11=region,N11,0) -> 0 | R11: =IF($M11=region,P11,0) -> 0 | T11: Dinosaur Figures | U11: =SUMIFS(Data[Revenue],Data[Region],region,Data[Month],CurMonth,Data[Year],CurYear,Data[Product Name],'Data Prep'!T11) -> 1858.76 | V11: =SUMIFS(Data[Revenue],Data[Region],region,Data[Month],PrevMonth,Data[Year],PMyear,Data[Product Name],'Data Prep'!T11) -> 1334.11 | W11: =U11-V11 -> 524.65 | X11: =_xlfn.RANK.AVG(W11,$W$3:$W$36,0) -> 9 | Y11: =_xlfn.RANK.AVG(W11,$W$3:$W$36,1) -> 26 | AB11: BOTTOM PERFORMING PRODUCTS
A12: PM Year | B12: =IF(CurMonth=1,PrevYear,CurYear) -> 2021 | G12: 10 | H12: Oct | I12: =SUMIFS(Data[[Revenue]:[Revenue]],Data[[Region]:[Region]],region,Data[[Month]:[Month]],$G12,Data[[Year]:[Year]],'Data Prep'!I$2) -> 64882.34 | J12: =IF(G12>CurMonth,NA(),SUMIFS(Data[[Revenue]:[Revenue]],Data[[Region]:[Region]],region,Data[[Month]:[Month]],$G12,Data[[Year]:[Year]],'Data Prep'!J$2)) -> #N/A | L12: O'Hare | M12: =VLOOKUP(L12,Data[[#All],[Store Name]:[Region]],2,0) -> Chicago | N12: =SUMIFS(Data[Revenue],Data[Store Name],L12,Data[Month],CurMonth,Data[Year],CurYear) -> 36101.76 | O12: =SUMIFS(Data[Revenue],Data[Store Name],L12,Data[Month],PrevMonth,Data[Year],PMyear) -> 30245.01 | P12: =N12/O12-1 -> 0.19364351 | Q12: =IF($M12=region,N12,0) -> 36101.76 | R12: =IF($M12=region,P12,0) -> 0.19364351 | T12: Glass Marbles | U12: =SUMIFS(Data[Revenue],Data[Region],region,Data[Month],CurMonth,Data[Year],CurYear,Data[Product Name],'Data Prep'!T12) -> 1582.56 | V12: =SUMIFS(Data[Revenue],Data[Region],region,Data[Month],PrevMonth,Data[Year],PMyear,Data[Product Name],'Data Prep'!T12) -> 1626.52 | W12: =U12-V12 -> -43.96 | X12: =_xlfn.RANK.AVG(W12,$W$3:$W$36,0) -> 17 | Y12: =_xlfn.RANK.AVG(W12,$W$3:$W$36,1) -> 18 | AB12: Rank | AC12: =T12 -> Glass Marbles | AD12: Revenue | AE12: MoM ∆
A13: Current Period: | B13: =VLOOKUP(CurMonth,A16:B27,2,0)&" "&CurYear -> July 2021 | G13: 11 | H13: Nov | I13: =SUMIFS(Data[[Revenue]:[Revenue]],Data[[Region]:[Region]],region,Data[[Month]:[Month]],$G13,Data[[Year]:[Year]],'Data Prep'!I$2) -> 73732.52 | J13: =IF(G13>CurMonth,NA(),SUMIFS(Data[[Revenue]:[Revenue]],Data[[Region]:[Region]],region,Data[[Month]:[Month]],$G13,Data[[Year]:[Year]],'Data Prep'!J$2)) -> #N/A | T13: Kids Makeup Kit | U13: =SUMIFS(Data[Revenue],Data[Region],region,Data[Month],CurMonth,Data[Year],CurYear,Data[Product Name],'Data Prep'!T13) -> 3098.45 | V13: =SUMIFS(Data[Revenue],Data[Region],region,Data[Month],PrevMonth,Data[Year],PMyear,Data[Product Name],'Data Prep'!T13) -> 1439.28 | W13: =U13-V13 -> 1659.17 | X13: =_xlfn.RANK.AVG(W13,$W$3:$W$36,0) -> 5 | Y13: =_xlfn.RANK.AVG(W13,$W$3:$W$36,1) -> 30 | AB13: 1 | AC13: =INDEX($T$3:$W$36,MATCH($AB13,$Y$3:$Y$36,0),MATCH(AC$2,$T$2:$W$2,0)) -> Magic Sand | AD13: =INDEX($T$3:$W$36,MATCH($AB13,$Y$3:$Y$36,0),MATCH(AD$2,$T$2:$W$2,0)) -> 7243.47 | AE13: =INDEX($T$3:$W$36,MATCH($AB13,$Y$3:$Y$36,0),MATCH(AE$2,$T$2:$W$2,0)) -> -3277.95
G14: 12 | H14: Dec | I14: =SUMIFS(Data[[Revenue]:[Revenue]],Data[[Region]:[Region]],region,Data[[Month]:[Month]],$G14,Data[[Year]:[Year]],'Data Prep'!I$2) -> 93356.91 | J14: =IF(G14>CurMonth,NA(),SUMIFS(Data[[Revenue]:[Revenue]],Data[[Region]:[Region]],region,Data[[Month]:[Month]],$G14,Data[[Year]:[Year]],'Data Prep'!J$2)) -> #N/A | T14: Lego Bricks | U14: =SUMIFS(Data[Revenue],Data[Region],region,Data[Month],CurMonth,Data[Year],CurYear,Data[Product Name],'Data Prep'!T14) -> 19035.24 | V14: =SUMIFS(Data[Revenue],Data[Region],region,Data[Month],PrevMonth,Data[Year],PMyear,Data[Product Name],'Data Prep'!T14) -> 14316.42 | W14: =U14-V14 -> 4718.82 | X14: =_xlfn.RANK.AVG(W14,$W$3:$W$36,0) -> 1 | Y14: =_xlfn.RANK.AVG(W14,$W$3:$W$36,1) -> 34 | AB14: 2 | AC14: =INDEX($T$3:$W$36,MATCH($AB14,$Y$3:$Y$36,0),MATCH(AC$2,$T$2:$W$2,0)) -> Colorbuds | AD14: =INDEX($T$3:$W$36,MATCH($AB14,$Y$3:$Y$36,0),MATCH(AD$2,$T$2:$W$2,0)) -> 4272.15 | AE14: =INDEX($T$3:$W$36,MATCH($AB14,$Y$3:$Y$36,0),MATCH(AE$2,$T$2:$W$2,0)) -> -2338.44
A15: Month # | B15: Month | T15: Mini Ping Pong | U15: =SUMIFS(Data[Revenue],Data[Region],region,Data[Month],CurMonth,Data[Year],CurYear,Data[Product Name],'Data Prep'!T15) -> 2507.49 | V15: =SUMIFS(Data[Revenue],Data[Region],region,Data[Month],PrevMonth,Data[Year],PMyear,Data[Product Name],'Data Prep'!T15) -> 3756.24 | W15: =U15-V15 -> -1248.75 | X15: =_xlfn.RANK.AVG(W15,$W$3:$W$36,0) -> 30 | Y15: =_xlfn.RANK.AVG(W15,$W$3:$W$36,1) -> 5 | AB15: 3 | AC15: =INDEX($T$3:$W$36,MATCH($AB15,$Y$3:$Y$36,0),MATCH(AC$2,$T$2:$W$2,0)) -> Action Figure | AD15: =INDEX($T$3:$W$36,MATCH($AB15,$Y$3:$Y$36,0),MATCH(AD$2,$T$2:$W$2,0)) -> 3965.52 | AE15: =INDEX($T$3:$W$36,MATCH($AB15,$Y$3:$Y$36,0),MATCH(AE$2,$T$2:$W$2,0)) -> -2334.54
A16: 1 | B16: January | T16: Monopoly | U16: =SUMIFS(Data[Revenue],Data[Region],region,Data[Month],CurMonth,Data[Year],CurYear,Data[Product Name],'Data Prep'!T16) -> 0 | V16: =SUMIFS(Data[Revenue],Data[Region],region,Data[Month],PrevMonth,Data[Year],PMyear,Data[Product Name],'Data Prep'!T16) -> 159.92 | W16: =U16-V16 -> -159.92 | X16: =_xlfn.RANK.AVG(W16,$W$3:$W$36,0) -> 22 | Y16: =_xlfn.RANK.AVG(W16,$W$3:$W$36,1) -> 13 | AB16: 4 | AC16: =INDEX($T$3:$W$36,MATCH($AB16,$Y$3:$Y$36,0),MATCH(AC$2,$T$2:$W$2,0)) -> Toy Robot | AD16: =INDEX($T$3:$W$36,MATCH($AB16,$Y$3:$Y$36,0),MATCH(AD$2,$T$2:$W$2,0)) -> 1039.6 | AE16: =INDEX($T$3:$W$36,MATCH($AB16,$Y$3:$Y$36,0),MATCH(AE$2,$T$2:$W$2,0)) -> -1975.24
A17: 2 | B17: February | T17: PlayDoh Can | U17: =SUMIFS(Data[Revenue],Data[Region],region,Data[Month],CurMonth,Data[Year],CurYear,Data[Product Name],'Data Prep'!T17) -> 2496.65 | V17: =SUMIFS(Data[Revenue],Data[Region],region,Data[Month],PrevMonth,Data[Year],PMyear,Data[Product Name],'Data Prep'!T17) -> 2439.84 | W17: =U17-V17 -> 56.81 | X17: =_xlfn.RANK.AVG(W17,$W$3:$W$36,0) -> 16 | Y17: =_xlfn.RANK.AVG(W17,$W$3:$W$36,1) -> 19 | AB17: 5 | AC17: =INDEX($T$3:$W$36,MATCH($AB17,$Y$3:$Y$36,0),MATCH(AC$2,$T$2:$W$2,0)) -> Mini Ping Pong | AD17: =INDEX($T$3:$W$36,MATCH($AB17,$Y$3:$Y$36,0),MATCH(AD$2,$T$2:$W$2,0)) -> 2507.49 | AE17: =INDEX($T$3:$W$36,MATCH($AB17,$Y$3:$Y$36,0),MATCH(AE$2,$T$2:$W$2,0)) -> -1248.75
A18: 3 | B18: March | T18: PlayDoh Toolkit | U18: =SUMIFS(Data[Revenue],Data[Region],region,Data[Month],CurMonth,Data[Year],CurYear,Data[Product Name],'Data Prep'!T18) -> 538.92 | V18: =SUMIFS(Data[Revenue],Data[Region],region,Data[Month],PrevMonth,Data[Year],PMyear,Data[Product Name],'Data Prep'!T18) -> 479.04 | W18: =U18-V18 -> 59.88 | X18: =_xlfn.RANK.AVG(W18,$W$3:$W$36,0) -> 15 | Y18: =_xlfn.RANK.AVG(W18,$W$3:$W$36,1) -> 20
A19: 4 | B19: April | T19: Rubik's Cube | U19: =SUMIFS(Data[Revenue],Data[Region],region,Data[Month],CurMonth,Data[Year],CurYear,Data[Product Name],'Data Prep'!T19) -> 5597.2 | V19: =SUMIFS(Data[Revenue],Data[Region],region,Data[Month],PrevMonth,Data[Year],PMyear,Data[Product Name],'Data Prep'!T19) -> 4637.68 | W19: =U19-V19 -> 959.52 | X19: =_xlfn.RANK.AVG(W19,$W$3:$W$36,0) -> 8 | Y19: =_xlfn.RANK.AVG(W19,$W$3:$W$36,1) -> 27
A20: 5 | B20: May | T20: Splash Balls | U20: =SUMIFS(Data[Revenue],Data[Region],region,Data[Month],CurMonth,Data[Year],CurYear,Data[Product Name],'Data Prep'!T20) -> 5061.37 | V20: =SUMIFS(Data[Revenue],Data[Region],region,Data[Month],PrevMonth,Data[Year],PMyear,Data[Product Name],'Data Prep'!T20) -> 3856.71 | W20: =U20-V20 -> 1204.66 | X20: =_xlfn.RANK.AVG(W20,$W$3:$W$36,0) -> 6 | Y20: =_xlfn.RANK.AVG(W20,$W$3:$W$36,1) -> 29
A21: 6 | B21: June | T21: Teddy Bear | U21: =SUMIFS(Data[Revenue],Data[Region],region,Data[Month],CurMonth,Data[Year],CurYear,Data[Product Name],'Data Prep'!T21) -> 597.54 | V21: =SUMIFS(Data[Revenue],Data[Region],region,Data[Month],PrevMonth,Data[Year],PMyear,Data[Product Name],'Data Prep'!T21) -> 220.83 | W21: =U21-V21 -> 376.71 | X21: =_xlfn.RANK.AVG(W21,$W$3:$W$36,0) -> 10 | Y21: =_xlfn.RANK.AVG(W21,$W$3:$W$36,1) -> 25
A22: 7 | B22: July | T22: Toy Robot | U22: =SUMIFS(Data[Revenue],Data[Region],region,Data[Month],CurMonth,Data[Year],CurYear,Data[Product Name],'Data Prep'!T22) -> 1039.6 | V22: =SUMIFS(Data[Revenue],Data[Region],region,Data[Month],PrevMonth,Data[Year],PMyear,Data[Product Name],'Data Prep'!T22) -> 3014.84 | W22: =U22-V22 -> -1975.24 | X22: =_xlfn.RANK.AVG(W22,$W$3:$W$36,0) -> 31 | Y22: =_xlfn.RANK.AVG(W22,$W$3:$W$36,1) -> 4
A23: 8 | B23: August | T23: Nerf Gun | U23: =SUMIFS(Data[Revenue],Data[Region],region,Data[Month],CurMonth,Data[Year],CurYear,Data[Product Name],'Data Prep'!T23) -> 5617.19 | V23: =SUMIFS(Data[Revenue],Data[Region],region,Data[Month],PrevMonth,Data[Year],PMyear,Data[Product Name],'Data Prep'!T23) -> 3078.46 | W23: =U23-V23 -> 2538.73 | X23: =_xlfn.RANK.AVG(W23,$W$3:$W$36,0) -> 3 | Y23: =_xlfn.RANK.AVG(W23,$W$3:$W$36,1) -> 32
A24: 9 | B24: September | T24: Basketball Hoop | U24: =SUMIFS(Data[Revenue],Data[Region],region,Data[Month],CurMonth,Data[Year],CurYear,Data[Product Name],'Data Prep'!T24) -> 274.89 | V24: =SUMIFS(Data[Revenue],Data[Region],region,Data[Month],PrevMonth,Data[Year],PMyear,Data[Product Name],'Data Prep'!T24) -> 149.94 | W24: =U24-V24 -> 124.95 | X24: =_xlfn.RANK.AVG(W24,$W$3:$W$36,0) -> 14 | Y24: =_xlfn.RANK.AVG(W24,$W$3:$W$36,1) -> 21
A25: 10 | B25: October | N25: ` | T25: Uno Card Game | U25: =SUMIFS(Data[Revenue],Data[Region],region,Data[Month],CurMonth,Data[Year],CurYear,Data[Product Name],'Data Prep'!T25) -> 135.83 | V25: =SUMIFS(Data[Revenue],Data[Region],region,Data[Month],PrevMonth,Data[Year],PMyear,Data[Product Name],'Data Prep'!T25) -> 351.56 | W25: =U25-V25 -> -215.73 | X25: =_xlfn.RANK.AVG(W25,$W$3:$W$36,0) -> 24 | Y25: =_xlfn.RANK.AVG(W25,$W$3:$W$36,1) -> 11
A26: 11 | B26: November | T26: Barrel O' Slime | U26: =SUMIFS(Data[Revenue],Data[Region],region,Data[Month],CurMonth,Data[Year],CurYear,Data[Product Name],'Data Prep'!T26) -> 3475.29 | V26: =SUMIFS(Data[Revenue],Data[Region],region,Data[Month],PrevMonth,Data[Year],PMyear,Data[Product Name],'Data Prep'!T26) -> 3910.2 | W26: =U26-V26 -> -434.91 | X26: =_xlfn.RANK.AVG(W26,$W$3:$W$36,0) -> 25 | Y26: =_xlfn.RANK.AVG(W26,$W$3:$W$36,1) -> 10
A27: 12 | B27: December | T27: Hot Wheels Pack | U27: =SUMIFS(Data[Revenue],Data[Region],region,Data[Month],CurMonth,Data[Year],CurYear,Data[Product Name],'Data Prep'!T27) -> 1072.21 | V27: =SUMIFS(Data[Revenue],Data[Region],region,Data[Month],PrevMonth,Data[Year],PMyear,Data[Product Name],'Data Prep'!T27) -> 730.78 | W27: =U27-V27 -> 341.43 | X27: =_xlfn.RANK.AVG(W27,$W$3:$W$36,0) -> 11 | Y27: =_xlfn.RANK.AVG(W27,$W$3:$W$36,1) -> 24
T28: Water Gun | U28: =SUMIFS(Data[Revenue],Data[Region],region,Data[Month],CurMonth,Data[Year],CurYear,Data[Product Name],'Data Prep'!T28) -> 569.62 | V28: =SUMIFS(Data[Revenue],Data[Region],region,Data[Month],PrevMonth,Data[Year],PMyear,Data[Product Name],'Data Prep'!T28) -> 689.54 | W28: =U28-V28 -> -119.92 | X28: =_xlfn.RANK.AVG(W28,$W$3:$W$36,0) -> 20 | Y28: =_xlfn.RANK.AVG(W28,$W$3:$W$36,1) -> 15
T29: PlayDoh Playset | U29: =SUMIFS(Data[Revenue],Data[Region],region,Data[Month],CurMonth,Data[Year],CurYear,Data[Product Name],'Data Prep'!T29) -> 399.84 | V29: =SUMIFS(Data[Revenue],Data[Region],region,Data[Month],PrevMonth,Data[Year],PMyear,Data[Product Name],'Data Prep'!T29) -> 549.78 | W29: =U29-V29 -> -149.94 | X29: =_xlfn.RANK.AVG(W29,$W$3:$W$36,0) -> 21 | Y29: =_xlfn.RANK.AVG(W29,$W$3:$W$36,1) -> 14
T30: Jenga | U30: =SUMIFS(Data[Revenue],Data[Region],region,Data[Month],CurMonth,Data[Year],CurYear,Data[Product Name],'Data Prep'!T30) -> 619.38 | V30: =SUMIFS(Data[Revenue],Data[Region],region,Data[Month],PrevMonth,Data[Year],PMyear,Data[Product Name],'Data Prep'!T30) -> 729.27 | W30: =U30-V30 -> -109.89 | X30: =_xlfn.RANK.AVG(W30,$W$3:$W$36,0) -> 19 | Y30: =_xlfn.RANK.AVG(W30,$W$3:$W$36,1) -> 16
T31: Plush Pony | U31: =SUMIFS(Data[Revenue],Data[Region],region,Data[Month],CurMonth,Data[Year],CurYear,Data[Product Name],'Data Prep'!T31) -> 1319.34 | V31: =SUMIFS(Data[Revenue],Data[Region],region,Data[Month],PrevMonth,Data[Year],PMyear,Data[Product Name],'Data Prep'!T31) -> 1839.08 | W31: =U31-V31 -> -519.74 | X31: =_xlfn.RANK.AVG(W31,$W$3:$W$36,0) -> 26 | Y31: =_xlfn.RANK.AVG(W31,$W$3:$W$36,1) -> 9
T32: Gamer Headset | U32: =SUMIFS(Data[Revenue],Data[Region],region,Data[Month],CurMonth,Data[Year],CurYear,Data[Product Name],'Data Prep'!T32) -> 2140.98 | V32: =SUMIFS(Data[Revenue],Data[Region],region,Data[Month],PrevMonth,Data[Year],PMyear,Data[Product Name],'Data Prep'!T32) -> 965.54 | W32: =U32-V32 -> 1175.44 | X32: =_xlfn.RANK.AVG(W32,$W$3:$W$36,0) -> 7 | Y32: =_xlfn.RANK.AVG(W32,$W$3:$W$36,1) -> 28
T33: Magic Sand | U33: =SUMIFS(Data[Revenue],Data[Region],region,Data[Month],CurMonth,Data[Year],CurYear,Data[Product Name],'Data Prep'!T33) -> 7243.47 | V33: =SUMIFS(Data[Revenue],Data[Region],region,Data[Month],PrevMonth,Data[Year],PMyear,Data[Product Name],'Data Prep'!T33) -> 10521.42 | W33: =U33-V33 -> -3277.95 | X33: =_xlfn.RANK.AVG(W33,$W$3:$W$36,0) -> 34 | Y33: =_xlfn.RANK.AVG(W33,$W$3:$W$36,1) -> 1
T34: Mr. Potatohead | U34: =SUMIFS(Data[Revenue],Data[Region],region,Data[Month],CurMonth,Data[Year],CurYear,Data[Product Name],'Data Prep'!T34) -> 1188.81 | V34: =SUMIFS(Data[Revenue],Data[Region],region,Data[Month],PrevMonth,Data[Year],PMyear,Data[Product Name],'Data Prep'!T34) -> 1398.6 | W34: =U34-V34 -> -209.79 | X34: =_xlfn.RANK.AVG(W34,$W$3:$W$36,0) -> 23 | Y34: =_xlfn.RANK.AVG(W34,$W$3:$W$36,1) -> 12
T35: Etch A Sketch | U35: =SUMIFS(Data[Revenue],Data[Region],region,Data[Month],CurMonth,Data[Year],CurYear,Data[Product Name],'Data Prep'!T35) -> 4407.9 | V35: =SUMIFS(Data[Revenue],Data[Region],region,Data[Month],PrevMonth,Data[Year],PMyear,Data[Product Name],'Data Prep'!T35) -> 1511.28 | W35: =U35-V35 -> 2896.62 | X35: =_xlfn.RANK.AVG(W35,$W$3:$W$36,0) -> 2 | Y35: =_xlfn.RANK.AVG(W35,$W$3:$W$36,1) -> 33
T36: Disk Launcher | U36: =SUMIFS(Data[Revenue],Data[Region],region,Data[Month],CurMonth,Data[Year],CurYear,Data[Product Name],'Data Prep'!T36) -> 815.32 | V36: =SUMIFS(Data[Revenue],Data[Region],region,Data[Month],PrevMonth,Data[Year],PMyear,Data[Product Name],'Data Prep'!T36) -> 1654.62 | W36: =U36-V36 -> -839.3 | X36: =_xlfn.RANK.AVG(W36,$W$3:$W$36,0) -> 29 | Y36: =_xlfn.RANK.AVG(W36,$W$3:$W$36,1) -> 6

Sheet Dashboard
B6: How Did | C6: Chicago | E6: Performed in | F6: ='Data Prep'!B13&"?" -> July 2021?
M11: Product | N11: Revenue | O11: MoM ∆
M12: ='Data Prep'!AC3 -> Lego Bricks | N12: ='Data Prep'!AD3 -> 19035.24 | O12: ='Data Prep'!AE3 -> 4718.82
M13: ='Data Prep'!AC4 -> Etch A Sketch | N13: ='Data Prep'!AD4 -> 4407.9 | O13: ='Data Prep'!AE4 -> 2896.62
M14: ='Data Prep'!AC5 -> Nerf Gun | N14: ='Data Prep'!AD5 -> 5617.19 | O14: ='Data Prep'!AE5 -> 2538.73
M15: ='Data Prep'!AC6 -> Animal Figures | N15: ='Data Prep'!AD6 -> 5066.1 | O15: ='Data Prep'!AE6 -> 1831.59
M16: ='Data Prep'!AC7 -> Kids Makeup Kit | N16: ='Data Prep'!AD7 -> 3098.45 | O16: ='Data Prep'!AE7 -> 1659.17
O17: =SUM(O12:O16) -> 13644.93
M21: Product | N21: Revenue | O21: MoM ∆
M22: ='Data Prep'!AC13 -> Magic Sand | N22: ='Data Prep'!AD13 -> 7243.47 | O22: ='Data Prep'!AE13 -> -3277.95
M23: ='Data Prep'!AC14 -> Colorbuds | N23: ='Data Prep'!AD14 -> 4272.15 | O23: ='Data Prep'!AE14 -> -2338.44
M24: ='Data Prep'!AC15 -> Action Figure | N24: ='Data Prep'!AD15 -> 3965.52 | O24: ='Data Prep'!AE15 -> -2334.54
M25: ='Data Prep'!AC16 -> Toy Robot | N25: ='Data Prep'!AD16 -> 1039.6 | O25: ='Data Prep'!AE16 -> -1975.24
M26: ='Data Prep'!AC17 -> Mini Ping Pong | N26: ='Data Prep'!AD17 -> 2507.49 | O26: ='Data Prep'!AE17 -> -1248.75
O27: =SUM(O22:O26) -> -11174.92

Sheet New Data (Aug 2021)
A1: 2021 | B1: 8 | C1: Beverly Hills | D1: Los Angeles | E1: Residential | F1: Action Figure | G1: Toys | H1: 7 | I1: 111.93 | J1: 42
A2: 2021 | B2: 8 | C2: Beverly Hills | D2: Los Angeles | E2: Residential | F2: Animal Figures | G2: Toys | H2: 71 | I2: 922.29 | J2: 213
A3: 2021 | B3: 8 | C3: Beverly Hills | D3: Los Angeles | E3: Residential | F3: Barrel O' Slime | G3: Art & Crafts | H3: 47 | I3: 187.53 | J3: 94
A4: 2021 | B4: 8 | C4: Beverly Hills | D4: Los Angeles | E4: Residential | F4: Colorbuds | G4: Electronics | H4: 113 | I4: 1693.87 | J4: 904
A5: 2021 | B5: 8 | C5: Beverly Hills | D5: Los Angeles | E5: Residential | F5: Dart Gun | G5: Sports & Outdoors | H5: 13 | I5: 207.87 | J5: 52
A6: 2021 | B6: 8 | C6: Beverly Hills | D6: Los Angeles | E6: Residential | F6: Deck Of Cards | G6: Games | H6: 131 | I6: 915.69 | J6: 393
A7: 2021 | B7: 8 | C7: Beverly Hills | D7: Los Angeles | E7: Residential | F7: Dino Egg | G7: Toys | H7: 30 | I7: 329.7 | J7: 30
A8: 2021 | B8: 8 | C8: Beverly Hills | D8: Los Angeles | E8: Residential | F8: Dinosaur Figures | G8: Toys | H8: 8 | I8: 119.92 | J8: 32
A9: 2021 | B9: 8 | C9: Beverly Hills | D9: Los Angeles | E9: Residential | F9: Etch A Sketch | G9: Art & Crafts | H9: 18 | I9: 377.82 | J9: 180
A10: 2021 | B10: 8 | C10: Beverly Hills | D10: Los Angeles | E10: Residential | F10: Foam Disk Launcher | G10: Sports & Outdoors | H10: 6 | I10: 71.94 | J10: 18
A11: 2021 | B11: 8 | C11: Beverly Hills | D11: Los Angeles | E11: Residential | F11: Gamer Headphones | G11: Electronics | H11: 5 | I11: 104.95 | J11: 30
A12: 2021 | B12: 8 | C12: Beverly Hills | D12: Los Angeles | E12: Residential | F12: Jenga | G12: Games | H12: 5 | I12: 49.95 | J12: 35
... A269: 2021 | B269: 8 | C269: Fifth Avenue | D269: New York | E269: Commercial | F269: Toy Robot | G269: Electronics | H269: 16 | I269: 415.84 | J269: 80

Sheet New Data (Sep 2021)
A1: 2021 | B1: 9 | C1: Beverly Hills | D1: Los Angeles | E1: Residential | F1: Action Figure | G1: Toys | H1: 57 | I1: 911.43 | J1: 342
A2: 2021 | B2: 9 | C2: Beverly Hills | D2: Los Angeles | E2: Residential | F2: Animal Figures | G2: Toys | H2: 33 | I2: 428.67 | J2: 99
A3: 2021 | B3: 9 | C3: Beverly Hills | D3: Los Angeles | E3: Residential | F3: Barrel O' Slime | G3: Art & Crafts | H3: 79 | I3: 315.21 | J3: 158
A4: 2021 | B4: 9 | C4: Beverly Hills | D4: Los Angeles | E4: Residential | F4: Chutes & Ladders | G4: Games | H4: 18 | I4: 233.82 | J4: 54
A5: 2021 | B5: 9 | C5: Beverly Hills | D5: Los Angeles | E5: Residential | F5: Classic Dominoes | G5: Games | H5: 25 | I5: 249.75 | J5: 50
A6: 2021 | B6: 9 | C6: Beverly Hills | D6: Los Angeles | E6: Residential | F6: Colorbuds | G6: Electronics | H6: 106 | I6: 1588.94 | J6: 848
A7: 2021 | B7: 9 | C7: Beverly Hills | D7: Los Angeles | E7: Residential | F7: Dart Gun | G7: Sports & Outdoors | H7: 6 | I7: 95.94 | J7: 24
A8: 2021 | B8: 9 | C8: Beverly Hills | D8: Los Angeles | E8: Residential | F8: Deck Of Cards | G8: Games | H8: 69 | I8: 482.31 | J8: 207
A9: 2021 | B9: 9 | C9: Beverly Hills | D9: Los Angeles | E9: Residential | F9: Dino Egg | G9: Toys | H9: 91 | I9: 1000.09 | J9: 91
A10: 2021 | B10: 9 | C10: Beverly Hills | D10: Los Angeles | E10: Residential | F10: Dinosaur Figures | G10: Toys | H10: 23 | I10: 344.77 | J10: 92
A11: 2021 | B11: 9 | C11: Beverly Hills | D11: Los Angeles | E11: Residential | F11: Etch A Sketch | G11: Art & Crafts | H11: 18 | I11: 377.82 | J11: 180
A12: 2021 | B12: 9 | C12: Beverly Hills | D12: Los Angeles | E12: Residential | F12: Foam Disk Launcher | G12: Sports & Outdoors | H12: 22 | I12: 263.78 | J12: 66
... A260: 2021 | B260: 9 | C260: Fifth Avenue | D260: New York | E260: Commercial | F260: Toy Robot | G260: Electronics | H260: 13 | I260: 337.87 | J260: 65
